"""ID""","""??""","""??""","""AttrImpact""","""StrParam1""","""StrParam2""","""StrParam3""","""AttrParams1""","""AttrParams2""","""AttrParams3""","""AttrParams4""","""AttrParams5""","""AttrParams6""","""AttrParams7""","""AttrParams8""","""AttrParams9""","""AttrParams10"""
120000,,,RoleAttrImpactElementBullet,ImpactAttr2_B3_Stone,3,,2500,250,0,0,0,0,0,0,0,2
120001,,,RoleAttrImpactElementBullet,ImpactAttr4_B3_WhirlWind,3,,2500,250,0,0,0,0,0,0,0,3
120002,,,RoleAttrImpactElementBullet,ImpactAttr6_B2_Weapon,2,,2500,250,0,0,0,0,0,0,0,5
120003,,,RoleAttrImpactElementBullet,ImpactAttr8_B1_Ice,1,,2500,250,0,0,0,0,0,0,0,2
120004,,,RoleAttrImpactElementBullet,ImpactAttr10_B1_FireBoom3,1,,2500,250,0,0,0,0,0,0,0,2
120005,,,RoleAttrImpactElementBullet,ImpactAttr12_B2_LighteningHit,2,,2500,250,0,0,0,0,0,0,0,5
120006,,,RoleAttrImpactElementBullet,ImpactAttr14_B1_WindEnhance,1,,2500,250,0,0,0,0,0,0,0,4
120007,,,RoleAttrImpactElementBullet,ImpactAttr16_B3_Lightening3,3,,2500,250,0,0,0,0,0,0,0,3
120008,,,RoleAttrImpactElementBullet,ImpactAttr18_B3_StoneBoom,3,,2500,250,0,0,0,0,0,0,0,3
120009,,,RoleAttrImpactElementBullet,ImpactAttr21_B1_IceLoong,1,,2500,250,0,0,0,0,0,0,0,2
120010,,,RoleAttrImpactElementBullet,ImpactAttr23_B2_WhirlWind,2,,2500,250,0,0,0,0,0,0,0,5
120011,,,RoleAttrImpactElementBullet,ImpactAttr24_B2_LightEye,2,,2500,250,0,0,0,0,0,0,0,4
120012,,,RoleAttrImpactElementBullet,ImpactAttr26_B2_IceCircle,2,,2500,250,0,0,0,0,0,0,0,2
120013,,,RoleAttrImpactElementBullet,ImpactAttr28_B3_FireSprit,3,,2500,250,0,0,0,0,0,0,0,2
120100,,,RoleAttrImpactElementBullet,ImpactAttr1_G1_Stone,1,,2500,250,0,0,0,0,0,0,0,2
120101,,,RoleAttrImpactElementBullet,ImpactAttr3_G2_WindBlade,2,,2500,250,0,0,0,0,0,0,0,2
120102,,,RoleAttrImpactElementBullet,ImpactAttr5_G2_HeartBoom,2,,2500,250,0,0,0,0,0,0,0,4
120103,,,RoleAttrImpactElementBullet,ImpactAttr7_G2_Ice,2,,2500,250,0,0,0,0,0,0,0,5
120104,,,RoleAttrImpactElementBullet,ImpactAttr9_G1_EnhanceFire,1,,2500,250,0,0,0,0,0,0,0,3
120105,,,RoleAttrImpactElementBullet,ImpactAttr11_G2_LighteningHit,2,,2500,250,0,0,0,0,0,0,0,2
120106,,,RoleAttrImpactAddSkill,ImpactAttr13_G0_Blink,0,,2500,250,0,0,0,0,0,0,0,4
120107,,,RoleAttrImpactElementBullet,ImpactAttr15_G3_Lightening3,3,,2500,250,0,0,0,0,0,0,0,2
120108,,,RoleAttrImpactElementBullet,ImpactAttr17_G1_FireSprite,1,,2500,250,0,0,0,0,0,0,0,3
120109,,,RoleAttrImpactElementBullet,ImpactAttr19_G3_FireBird,3,,2500,250,0,0,0,0,0,0,0,4
120110,,,RoleAttrImpactElementBullet,ImpactAttr20_G2_FireLoong,2,,2500,250,0,0,0,0,0,0,0,5
120111,,,RoleAttrImpactElementBullet,ImpactAttr22_G3_WhirlWind,3,,2500,250,0,0,0,0,0,0,0,2
120112,,,RoleAttrImpactElementBullet,ImpactAttr25_G1_IceSprit,2,,2500,250,0,0,0,0,0,0,0,3
120113,,,RoleAttrImpactElementBullet,ImpactAttr27_G3_FireLoong,3,,2500,250,0,0,0,0,0,0,0,3
121001,,,RoleAttrImpactPassive,PassiveDamageLimit,3,,10000,500,0,0,0,0,0,0,0,5
121002,,,RoleAttrImpactPassiveSubLastTime,PassiveHPLowIron,3,,30000,5000,100000,0,0,0,0,0,0,1
121003,,,RoleAttrImpactPassiveAddAttr,PassiveAddHP,3,,2000,500,100000,0,0,0,0,0,0,2
121004,,,RoleAttrImpactPassiveAddAttr,PassiveAddDefence,3,,2000,500,100000,0,0,0,0,0,0,2
121005,,,RoleAttrImpactPassiveActCD,PassiveBlockOne,3,,300000,-20000,100000,5000,0,0,0,0,0,4
121006,,,RoleAttrImpactPassiveRelive,PassiveRelive,3,,1000,400,5000,10000,2000,30000,0,0,0,4
121007,,,RoleAttrImpactPassiveHPResume,PassiveHPLowResumeHP,3,,1000,100,2000,600000,-30000,300000,0,0,0,3
121008,,,RoleAttrImpactPassiveSubLastTime,PassiveHPLowInt,3,,30000,5000,100000,500,0,0,0,0,0,2
121009,,,RoleAttrImpactPassiveSubLastTime,PassiveHPLowDex,3,,30000,5000,100000,500,0,0,0,0,0,2
121010,,,RoleAttrImpactPassiveThorn,PassiveThorn,3,,10000,2000,30000,100,0,0,0,0,0,1
122001,,,RoleAttrImpactPassiveAddAttr,PassiveResistCold,3,,999990000,10000,999990000,0,0,0,0,0,0,4
122002,,,RoleAttrImpactPassiveAddAttr,PassiveResistLighting,3,,999990000,10000,999990000,0,0,0,0,0,0,4
122003,,,RoleAttrImpactPassiveHitMove,PassiveHitMove,3,,1000,100,2000,50000,5000,100000,0,0,0,2
122004,,,RoleAttrImpactPassive,PassiveResistIgnoreMove,3,,10000,0,0,100,0,0,0,0,0,3
122005,,,RoleAttrImpactPassiveAddAttr,PassiveResistFire,3,,999990000,10000,999990000,0,0,0,0,0,0,4
122006,,,RoleAttrImpactPassiveAddAttr,PassiveResistExMove,3,,5000000,1000000,15000000,1,0,0,0,0,0,3
122007,,,RoleAttrImpactPassiveAddAttr,PassiveResistWind,3,,999990000,10000,999990000,0,0,0,0,0,0,4
122008,,,RoleAttrImpactPassiveHPLowMove,PassiveHPLowMove,3,,15000000,1500000,30000000,1500000,0,0,0,0,0,1
123001,,,RoleAttrImpactPassiveArea,PassiveLowDefenceArea,3,,-1000,-200,-3000,30000,3000,60000,0,0,0,4
123002,,,RoleAttrImpactPassiveAddAttr,PassiveAttrStr,3,,500,100,1500,1,0,0,0,0,0,3
123003,,,RoleAttrImpactPassiveArea,PassiveIceArea,3,,-1000,-200,-3000,30000,3000,60000,0,0,0,5
123004,,,RoleAttrImpactLightRevange,PassiveHitLightRevange,3,,10000,2000,30000,100,0,0,0,0,0,3
123005,,,RoleAttrImpactPassiveAddAttr,PassiveAttrDec,3,,5000000,1000000,15000000,1,0,0,0,0,0,3
123006,,,RoleAttrImpactPassiveHPHeightAttack,PassiveHPHeightAttack,3,,1500,150,3000,100,0,0,0,0,0,5
123007,,,RoleAttrImpactPassiveAddAttr,PassiveAttrInt,3,,10000000,5000000,15000000,1,0,0,0,0,0,3
123008,,,RoleAttrImpactPassiveBeHitBullet,PassiveHitCircle,3,,10000,2000,30000,200000,-5000,150000,0,0,0,2
123009,,,RoleAttrImpactPassiveDamageArea,PassiveDamageArea,3,,2000,300,5000,30000,3000,60000,10000,0,0,3
123010,,,RoleAttrImpactPassiveBeHitBullet,PassiveIceCircle,3,,10000,0,0,100,0,0,0,0,0,3
124001,,,RoleAttrImpactPassiveHitEnemy,PassiveHitWindBullet,3,,10000,2000,30000,2000,300,5000,10000,0,0,5
124002,,,RoleAttrImpactPassiveHPHeightAttack,PassiveHPLowAttack,3,,2000,200,4000,100,0,0,0,0,0,2
124003,,,RoleAttrImpactPassiveAddAttr,PassiveAttrIce,3,,10000000,1000000,20000000,2,0,0,0,0,0,2
124004,,,RoleAttrImpactPassiveAddAttr,PassiveAttrLighting,3,,10000000,1000000,20000000,2,0,0,0,0,0,2
124005,,,RoleAttrImpactPassiveHitEnemy,PassiveHitLightingBullet,3,,10000,2000,30000,2000,300,5000,10000,0,0,5
124006,,,RoleAttrImpactPassiveLightCircleBuff,PassiveLightingBuff,3,,10000,2000,30000,2000,300,5000,10000,0,0,3
124007,,,RoleAttrImpactPassiveAddAttr,PassiveAttrFire,3,,10000000,1000000,20000000,2,0,0,0,0,0,2
124008,,,RoleAttrImpactPassiveHitEnemy,PassiveHitFireBullet,3,,10000,2000,30000,2000,300,5000,10000,0,0,5
124009,,,RoleAttrImpactPassiveAddAttr,PassiveAttrWind,3,,10000000,1000000,20000000,2,0,0,0,0,0,3
124010,,,RoleAttrImpactPassiveAttackBless,PassiveBlessSelf,3,,1500,100,2500,2000,300,5000,0,0,0,2
124011,,,RoleAttrImpactPassiveHitEnemy,PassiveHitIceBullet,3,,10000,2000,30000,2000,300,5000,10000,0,0,5
125000,,,RoleAttrImpactBaseAttr,gold,,,33,1000,100,0,0,0,0,0,0,0
126000,,,RoleAttrImpactBaseAttr,mat,,,34,2500,250,0,0,0,0,0,0,0
127000,,,RoleAttrImpactBaseAttr,gem,,,35,1000,100,0,0,0,0,0,0,0
128000,,,RoleAttrImpactBaseAttr,equip,,,36,1000,100,0,0,0,0,0,0,0
999999,,,RoleAttrImpactPassiveDamageArea,PassiveDamageArea,3,,100000,300,100000,60000,3000,60000,1000,0,0,0
#gem,,,,,,,,,,,,,,,,
70001,,,RoleAttrImpactBaseAttr,,Fire Atk,,15,100,100,1,0,0,0,0,0,0
70002,,,RoleAttrImpactBaseAttr,,Fire Atk,,15,100,100,1,0,0,0,0,0,0
70003,,,RoleAttrImpactBaseAttr,,Fire Atk,,15,100,100,1,0,0,0,0,0,0
70004,,,RoleAttrImpactBaseAttr,,Fire Atk,,15,100,100,1,0,0,0,0,0,0
70005,,,RoleAttrImpactBaseAttr,,Fire Atk,,15,100,100,1,0,0,0,0,0,0
70101,,,RoleAttrImpactBaseAttr,,Cold Atk,,16,100,100,1,0,0,0,0,0,0
70102,,,RoleAttrImpactBaseAttr,,Cold Atk,,16,100,100,1,0,0,0,0,0,0
70103,,,RoleAttrImpactBaseAttr,,Cold Atk,,16,100,100,1,0,0,0,0,0,0
70104,,,RoleAttrImpactBaseAttr,,Cold Atk,,16,100,100,1,0,0,0,0,0,0
70105,,,RoleAttrImpactBaseAttr,,Cold Atk,,16,100,100,1,0,0,0,0,0,0
70201,,,RoleAttrImpactBaseAttr,,Lighting Atk,,17,100,100,1,0,0,0,0,0,0
70202,,,RoleAttrImpactBaseAttr,,Lighting Atk,,17,100,100,1,0,0,0,0,0,0
70203,,,RoleAttrImpactBaseAttr,,Lighting Atk,,17,100,100,1,0,0,0,0,0,0
70204,,,RoleAttrImpactBaseAttr,,Lighting Atk,,17,100,100,1,0,0,0,0,0,0
70205,,,RoleAttrImpactBaseAttr,,Lighting Atk,,17,100,100,1,0,0,0,0,0,0
70301,,,RoleAttrImpactBaseAttr,,Wind Atk,,18,100,100,1,0,0,0,0,0,0
70302,,,RoleAttrImpactBaseAttr,,Wind Atk,,18,100,100,1,0,0,0,0,0,0
70303,,,RoleAttrImpactBaseAttr,,Wind Atk,,18,100,100,1,0,0,0,0,0,0
70304,,,RoleAttrImpactBaseAttr,,Wind Atk,,18,100,100,1,0,0,0,0,0,0
70305,,,RoleAttrImpactBaseAttr,,Wind Atk,,18,100,100,1,0,0,0,0,0,0
70401,,,RoleAttrImpactBaseAttr,,Fire Def,,19,100,100,1,0,0,0,0,0,0
70402,,,RoleAttrImpactBaseAttr,,Fire Def,,19,100,100,1,0,0,0,0,0,0
70403,,,RoleAttrImpactBaseAttr,,Fire Def,,19,100,100,1,0,0,0,0,0,0
70404,,,RoleAttrImpactBaseAttr,,Fire Def,,19,100,100,1,0,0,0,0,0,0
70405,,,RoleAttrImpactBaseAttr,,Fire Def,,19,100,100,1,0,0,0,0,0,0
70501,,,RoleAttrImpactBaseAttr,,Cold Def,,20,100,100,1,0,0,0,0,0,0
70502,,,RoleAttrImpactBaseAttr,,Cold Def,,20,100,100,1,0,0,0,0,0,0
70503,,,RoleAttrImpactBaseAttr,,Cold Def,,20,100,100,1,0,0,0,0,0,0
70504,,,RoleAttrImpactBaseAttr,,Cold Def,,20,100,100,1,0,0,0,0,0,0
70505,,,RoleAttrImpactBaseAttr,,Cold Def,,20,100,100,1,0,0,0,0,0,0
70601,,,RoleAttrImpactBaseAttr,,Lighting Def,,21,100,100,1,0,0,0,0,0,0
70602,,,RoleAttrImpactBaseAttr,,Lighting Def,,21,100,100,1,0,0,0,0,0,0
70603,,,RoleAttrImpactBaseAttr,,Lighting Def,,21,100,100,1,0,0,0,0,0,0
70604,,,RoleAttrImpactBaseAttr,,Lighting Def,,21,100,100,1,0,0,0,0,0,0
70605,,,RoleAttrImpactBaseAttr,,Lighting Def,,21,100,100,1,0,0,0,0,0,0
70701,,,RoleAttrImpactBaseAttr,,Wind Def,,22,100,100,1,0,0,0,0,0,0
70702,,,RoleAttrImpactBaseAttr,,Wind Def,,22,100,100,1,0,0,0,0,0,0
70703,,,RoleAttrImpactBaseAttr,,Wind Def,,22,100,100,1,0,0,0,0,0,0
70704,,,RoleAttrImpactBaseAttr,,Wind Def,,22,100,100,1,0,0,0,0,0,0
70705,,,RoleAttrImpactBaseAttr,,Wind Def,,22,100,100,1,0,0,0,0,0,0
70801,,,RoleAttrImpactBaseAttr,,Strength +{0},,1,100,100,1,0,0,0,0,0,0
70802,,,RoleAttrImpactBaseAttr,,Strength +{0},,1,100,100,1,0,0,0,0,0,0
70803,,,RoleAttrImpactBaseAttr,,Strength +{0},,1,100,100,1,0,0,0,0,0,0
70804,,,RoleAttrImpactBaseAttr,,Strength +{0},,1,100,100,1,0,0,0,0,0,0
70805,,,RoleAttrImpactBaseAttr,,Strength +{0},,1,100,100,1,0,0,0,0,0,0
70901,,,RoleAttrImpactBaseAttr,,Dexterity +{0},,2,100,100,1,0,0,0,0,0,0
70902,,,RoleAttrImpactBaseAttr,,Dexterity +{0},,2,100,100,1,0,0,0,0,0,0
70903,,,RoleAttrImpactBaseAttr,,Dexterity +{0},,2,100,100,1,0,0,0,0,0,0
70904,,,RoleAttrImpactBaseAttr,,Dexterity +{0},,2,100,100,1,0,0,0,0,0,0
70905,,,RoleAttrImpactBaseAttr,,Dexterity +{0},,2,100,100,1,0,0,0,0,0,0
71001,,,RoleAttrImpactBaseAttr,,Intelligence +{0},,3,100,100,1,0,0,0,0,0,0
71002,,,RoleAttrImpactBaseAttr,,Intelligence +{0},,3,100,100,1,0,0,0,0,0,0
71003,,,RoleAttrImpactBaseAttr,,Intelligence +{0},,3,100,100,1,0,0,0,0,0,0
71004,,,RoleAttrImpactBaseAttr,,Intelligence +{0},,3,100,100,1,0,0,0,0,0,0
71005,,,RoleAttrImpactBaseAttr,,Intelligence +{0},,3,100,100,1,0,0,0,0,0,0
71101,,,RoleAttrImpactBaseAttr,,Vitality +{0},,4,100,100,1,0,0,0,0,0,0
71102,,,RoleAttrImpactBaseAttr,,Vitality +{0},,4,100,100,1,0,0,0,0,0,0
71103,,,RoleAttrImpactBaseAttr,,Vitality +{0},,4,100,100,1,0,0,0,0,0,0
71104,,,RoleAttrImpactBaseAttr,,Vitality +{0},,4,100,100,1,0,0,0,0,0,0
71105,,,RoleAttrImpactBaseAttr,,Vitality +{0},,4,100,100,1,0,0,0,0,0,0
71201,,,RoleAttrImpactBaseAttr,,Atk,,7,100,100,1,0,0,0,0,0,0
71202,,,RoleAttrImpactBaseAttr,,Atk,,7,100,100,1,0,0,0,0,0,0
71203,,,RoleAttrImpactBaseAttr,,Atk,,7,100,100,1,0,0,0,0,0,0
71204,,,RoleAttrImpactBaseAttr,,Atk,,7,100,100,1,0,0,0,0,0,0
71205,,,RoleAttrImpactBaseAttr,,Atk,,7,100,100,1,0,0,0,0,0,0
71301,,,RoleAttrImpactBaseAttr,,Def,,9,100,100,1,0,0,0,0,0,0
71302,,,RoleAttrImpactBaseAttr,,Def,,9,100,100,1,0,0,0,0,0,0
71303,,,RoleAttrImpactBaseAttr,,Def,,9,100,100,1,0,0,0,0,0,0
71304,,,RoleAttrImpactBaseAttr,,Def,,9,100,100,1,0,0,0,0,0,0
71305,,,RoleAttrImpactBaseAttr,,Def,,9,100,100,1,0,0,0,0,0,0
71401,,,RoleAttrImpactBaseAttr,,CDC,,13,100,100,1,0,0,0,0,0,0
71402,,,RoleAttrImpactBaseAttr,,CDC,,13,100,100,1,0,0,0,0,0,0
71403,,,RoleAttrImpactBaseAttr,,CDC,,13,100,100,1,0,0,0,0,0,0
71404,,,RoleAttrImpactBaseAttr,,CDC,,13,100,100,1,0,0,0,0,0,0
71405,,,RoleAttrImpactBaseAttr,,CDC,,13,100,100,1,0,0,0,0,0,0
71501,,,RoleAttrImpactBaseAttr,,CDR,,14,100,100,1,0,0,0,0,0,0
71502,,,RoleAttrImpactBaseAttr,,CDR,,14,100,100,1,0,0,0,0,0,0
71503,,,RoleAttrImpactBaseAttr,,CDR,,14,100,100,1,0,0,0,0,0,0
71504,,,RoleAttrImpactBaseAttr,,CDR,,14,100,100,1,0,0,0,0,0,0
71505,,,RoleAttrImpactBaseAttr,,CDR,,14,100,100,1,0,0,0,0,0,0
#,,,,,,,,,,,,,,,,
80000,,,RoleAttrImpactBaseAttr,,,,1,100,100,1,0,0,0,0,0,0
80001,,,RoleAttrImpactBaseAttr,,,,2,100,100,1,0,0,0,0,0,0
80002,,,RoleAttrImpactBaseAttr,,,,3,100,100,1,0,0,0,0,0,0
80003,,,RoleAttrImpactBaseAttr,,,,4,100,100,1,0,0,0,0,0,0
80004,,,RoleAttrImpactBaseAttr,,,,6,100,100,1,0,0,0,0,0,0
80005,,,RoleAttrImpactBaseAttr,,,,8,100,100,1,0,0,0,0,0,0
80006,,,RoleAttrImpactBaseAttr,,,,13,100,100,1,0,0,0,0,0,0
80007,,,RoleAttrImpactBaseAttr,,,,14,100,100,1,0,0,0,0,0,0
80008,,,RoleAttrImpactBaseAttr,,,,15,100,100,1,0,0,0,0,0,0
80009,,,RoleAttrImpactBaseAttr,,,,16,100,100,1,0,0,0,0,0,0
80010,,,RoleAttrImpactBaseAttr,,,,17,100,100,1,0,0,0,0,0,0
80011,,,RoleAttrImpactBaseAttr,,,,18,100,100,1,0,0,0,0,0,0
80012,,,RoleAttrImpactBaseAttr,,,,19,100,100,1,0,0,0,0,0,0
80013,,,RoleAttrImpactBaseAttr,,,,20,100,100,1,0,0,0,0,0,0
80014,,,RoleAttrImpactBaseAttr,,,,21,100,100,1,0,0,0,0,0,0
#,,,,,,,,,,,,,,,,
90000,,,RoleAttrImpactBaseAttr,,,,4,100,100,1,0,0,0,0,0,0
90001,,,RoleAttrImpactBaseAttr,,,,6,100,100,1,0,0,0,0,0,0
#equip set,,,,,,,,,,,,,,,,
2000,,,RoleAttrImpactBaseAttr,,,,4,1000,100,1,0,0,0,0,0,0
2001,,,RoleAttrImpactBaseAttr,,,,1,1000,100,1,0,0,0,0,0,0
2002,,,RoleAttrImpactBaseAttr,,,,2,1000,100,1,0,0,0,0,0,0
2003,,,RoleAttrImpactBaseAttr,,,,3,1000,100,1,0,0,0,0,0,0
2100,,,RoleAttrImpactBaseAttr,,,,9,1000,100,1,0,0,0,0,0,0
2101,,,RoleAttrImpactSkillRangeAll,,,,4,1000,100,1,0,0,0,0,0,0
2102,,,RoleAttrImpactBaseAttr,,,,7,1000,100,1,0,0,0,0,0,0
2103,,,RoleAttrImpactBaseAttr,,,,27,1000,100,1,0,0,0,0,0,0
2200,,,RoleAttrImpactBaseAttr,,,,5,1000,100,1,0,0,0,0,0,0
2201,,,RoleAttrImpactSkillRangeAll,,,,1,1000,100,1,0,0,0,0,0,0
2202,,,RoleAttrImpactBaseAttr,,,,14,1000,100,1,0,0,0,0,0,0
2203,,,RoleAttrImpactBaseAttr,,,,13,1000,100,1,0,0,0,0,0,0
2300,,,RoleAttrImpactBaseAttr,,,,31,250,100,1,0,0,0,0,0,0
2301,,,RoleAttrImpactSkillRangeAll,,,,4,1000,100,1,0,0,0,0,0,0
2302,,,RoleAttrImpactBaseAttr,,,,30,1000,100,1,0,0,0,0,0,0
2303,,,RoleAttrImpactBaseAttr,,,,32,1000,100,1,0,0,0,0,0,0
#legendary set,,,,,,,,,,,,,,,,
3000,,,RoleAttrImpactBaseAttr,,,,14,1,1,1,0,0,0,0,0,0
3001,,,RoleAttrImpactBaseAttr,,,,5,1,1,1,0,0,0,0,0,0
3002,,,RoleAttrImpactPassiveShadowHit,,,,500,500,1,1,0,0,0,0,0,0
#five element,,,,,,,,,,,,,,,,
1000000,,,RoleAttrImpactBaseAttr,,,,1,100,100,1,0,0,0,0,0,0
1000001,,,RoleAttrImpactBaseAttr,,,,2,100,100,1,0,0,0,0,0,0
1000002,,,RoleAttrImpactBaseAttr,,,,3,100,100,1,0,0,0,0,0,0
1000003,,,RoleAttrImpactBaseAttr,,,,4,100,100,1,0,0,0,0,0,0
1000004,,,RoleAttrImpactBaseAttr,,,,6,100,100,1,0,0,0,0,0,0
1000005,,,RoleAttrImpactBaseAttr,,,,8,100,100,1,0,0,0,0,0,0
1000006,,,RoleAttrImpactBaseAttr,,,,13,100,100,1,0,0,0,0,0,0
1000007,,,RoleAttrImpactBaseAttr,,,,14,100,100,1,0,0,0,0,0,0
1000008,,,RoleAttrImpactBaseAttr,,,,15,100,100,1,0,0,0,0,0,0
1000009,,,RoleAttrImpactBaseAttr,,,,16,100,100,1,0,0,0,0,0,0
#skill,,,,,,,,,,,,,,,,
1100000,,,RoleAttrImpactSkillDamage,,,,10000,1000,0,1,0,0,0,0,0,0
1100001,,,RoleAttrImpactSkillDamage,,,,10000,1000,0,2,1,1,1,1,1,1
1100002,,,RoleAttrImpactSkillDamage,,,,13000,1300,0,3,2,2,2,2,2,2
1100003,,,RoleAttrImpactSkillDamage,,,,18000,1800,0,4,3,3,3,3,3,3
1100004,,,RoleAttrImpactSkillDamage,,,,10000,1000,0,5,4,4,4,4,4,4
1100005,,,RoleAttrImpactSkillDamage,,,,10000,1000,0,6,5,5,5,5,5,5
1100006,,,RoleAttrImpactSkillDamage,,,,13000,1300,0,7,6,6,6,6,6,6
1100007,,,RoleAttrImpactSkillDamage,,,,18000,1800,0,8,7,7,7,7,7,7
1100008,,,RoleAttrImpactBuffRate,,,,20,20,0,9,8,8,8,8,8,8
1100009,,,RoleAttrImpactBuffRate,,,,-20,-20,0,10,9,9,9,9,9,9
1100010,,,RoleAttrImpactSkillRange,,,,500,0,0,11,10,10,10,10,10,10
1100011,,,RoleAttrImpactSkillSpeed,,,,500,0,0,12,11,11,11,11,11,11
1100012,,,RoleAttrImpactSP,,,,100,0,0,13,12,12,12,12,12,12
1100013,,,RoleAttrImpactSP,,,,100,0,0,14,13,13,13,13,13,13
1100014,,,RoleAttrImpactSP,,,,100,0,0,15,14,14,14,14,14,14
1100015,,,RoleAttrImpactSP,,,,100,0,0,16,15,15,15,15,15,15
1100016,,,RoleAttrImpactSP,,,,100,0,0,17,16,16,16,16,16,16
1100017,,,RoleAttrImpactSP,,,,100,0,0,18,17,17,17,17,17,17
1100018,,,RoleAttrImpactSP,,,,100,0,0,19,18,18,18,18,18,18
1100019,,,RoleAttrImpactSP,,,,100,0,0,20,19,19,19,19,19,19
1100020,,,RoleAttrImpactSP,,,,100,0,0,21,20,20,20,20,20,20
1100021,,,RoleAttrImpactSP,,,,100,0,0,22,21,21,21,21,21,21
1100022,,,RoleAttrImpactSP,,,,100,0,0,23,22,22,22,22,22,22
1100023,,,RoleAttrImpactSP,,,,100,0,0,24,23,23,23,23,23,23
1100024,,,RoleAttrImpactExAttack,,,,2000,0,0,25,24,24,24,24,24,24
1100025,,,RoleAttrImpactBuffExEffect,,,,1000,0,0,26,25,25,25,25,25,25
1100026,,,RoleAttrImpactBuffHit,,,,1000,0,0,27,26,26,26,26,26,26
1100027,,,RoleAttrImpactBuffActSkill,,,,1,0,0,28,27,27,27,27,27,27
1100028,,,RoleAttrImpactAccumulate,,,,4000,2000,0,29,28,28,28,28,28,28
1100029,,,RoleAttrImpactDodgeNoDamage,,,,102,2,2,30,29,29,29,29,29,29
1100030,,,RoleAttrImpactDodgeCD,,,,12000,2,2,31,30,30,30,30,30,30
1100031,,,RoleAttrImpactDefenceArmor,,,,2500,0,0,32,31,31,31,31,31,31
1100032,,,RoleAttrImpactDefenceRate,,,,4000,0,0,33,32,32,32,32,32,32
1100033,,,RoleAttrImpactBuffInHit,,,,2500,0,0,34,33,33,33,33,33,33
1100034,,,RoleAttrImpactSkillArmor,,,,2500,0,0,35,34,34,34,34,34,34
#global buff,,,,,,,,,,,,,,,,
1200000,,,RoleAttrImpactPassiveBloodSucking,PassiveBloodSucking,,,10000,100,0,0,0,0,0,0,0,0
1200001,,,RoleAttrImpactPassiveCutting,PassiveCutting,,,1000,10000,0,0,1,1,1,1,1,1
1200002,,,RoleAttrImpactPassiveAssasination,PassiveAssasination,,,100,100000,0,0,2,2,2,2,2,2
1200100,,,RoleAttrImpactBaseAttr,,,,12,500,0,3,2,2,2,2,2,2
1200101,,,RoleAttrImpactBaseAttr,,,,11,500,0,3,2,2,2,2,2,2
1200102,,,RoleAttrImpactBaseAttr,,,,13,500,0,3,2,2,2,2,2,2
1200103,,,RoleAttrImpactBaseAttr,,,,14,1000,0,3,2,2,2,2,2,2
1200104,,,RoleAttrImpactBaseAttr,,,,33,800,0,3,2,2,2,2,2,2
1200105,,,RoleAttrImpactBaseAttr,,,,36,800,0,3,2,2,2,2,2,2
1200110,,,RoleAttrImpactBaseAttr,,,,12,800,0,3,2,2,2,2,2,2
1200111,,,RoleAttrImpactBaseAttr,,,,11,800,0,4,3,3,3,3,3,3
1200112,,,RoleAttrImpactBaseAttr,,,,13,800,0,5,4,4,4,4,4,4
1200113,,,RoleAttrImpactBaseAttr,,,,14,1500,0,6,5,5,5,5,5,5
1200114,,,RoleAttrImpactBaseAttr,,,,33,1500,0,6,5,5,5,5,5,5
1200115,,,RoleAttrImpactBaseAttr,,,,36,1500,0,3,2,2,2,2,2,2
#equip model attr,,,,,,,,,,,,,,,,
1300001,,,RoleAttrImpactBaseAttr,,,,12,200,0,0,2,2,2,2,2,2
1300002,,,RoleAttrImpactBaseAttr,,,,12,400,0,3,2,2,2,2,2,2
1300003,,,RoleAttrImpactBaseAttr,,,,12,600,0,3,2,2,2,2,2,2
1300011,,,RoleAttrImpactBaseAttr,,,,13,200,0,3,2,2,2,2,2,2
1300012,,,RoleAttrImpactBaseAttr,,,,13,400,0,3,2,2,2,2,2,2
1300013,,,RoleAttrImpactBaseAttr,,,,13,600,0,3,2,2,2,2,2,2
1300021,,,RoleAttrImpactBaseAttr,,,,7,10000,800,500000,2,2,2,2,2,2
1300022,,,RoleAttrImpactBaseAttr,,,,7,10000,800,500000,2,2,2,2,2,2
1300023,,,RoleAttrImpactBaseAttr,,,,7,10000,800,500000,3,3,3,3,3,3
1300101,,,RoleAttrImpactBaseAttr,,,,5,10000,800,500000,4,4,4,4,4,4
1300102,,,RoleAttrImpactBaseAttr,,,,5,10000,800,500000,5,5,5,5,5,5
1300103,,,RoleAttrImpactBaseAttr,,,,5,10000,800,500000,5,5,5,5,5,5
1300111,,,RoleAttrImpactBaseAttr,,,,9,10000,800,500000,4,4,4,4,4,4
1300112,,,RoleAttrImpactBaseAttr,,,,9,10000,800,500000,5,5,5,5,5,5
1300113,,,RoleAttrImpactBaseAttr,,,,9,10000,800,500000,5,5,5,5,5,5
1300201,,,RoleAttrImpactBaseAttr,,,,1,10000,800,500000,4,4,4,4,4,4
1300202,,,RoleAttrImpactBaseAttr,,,,1,10000,800,500000,5,5,5,5,5,5
1300203,,,RoleAttrImpactBaseAttr,,,,1,10000,800,500000,5,5,5,5,5,5
1300211,,,RoleAttrImpactBaseAttr,,,,2,10000,800,500000,4,4,4,4,4,4
1300212,,,RoleAttrImpactBaseAttr,,,,2,10000,800,500000,5,5,5,5,5,5
1300213,,,RoleAttrImpactBaseAttr,,,,2,10000,800,500000,5,5,5,5,5,5
1300301,,,RoleAttrImpactBaseAttr,,,,3,10000,800,500000,4,4,4,4,4,4
1300302,,,RoleAttrImpactBaseAttr,,,,3,10000,800,500000,5,5,5,5,5,5
1300303,,,RoleAttrImpactBaseAttr,,,,3,10000,800,500000,5,5,5,5,5,5
1300311,,,RoleAttrImpactBaseAttr,,,,4,10000,800,500000,4,4,4,4,4,4
1300312,,,RoleAttrImpactBaseAttr,,,,4,10000,800,500000,5,5,5,5,5,5
1300313,,,RoleAttrImpactBaseAttr,,,,4,10000,800,500000,5,5,5,5,5,5
#test buff,,,,,,,,,,,,,,,,
9000001,,,RoleAttrImpactPassiveDamageArea,PassiveDamageArea,3,,100000,300,100000,60000,3000,60000,1000,0,0,0
9000002,,,RoleAttrImpactPassiveAddAttr,PassiveResistExMove,3,,100000000,1000000,15000000,1,0,0,0,0,0,3
#five element,,,,,,,,,,,,,,,,
1400001,,,RoleAttrImpactBaseAttr,,,,1,200,0,0,2,2,2,2,2,2
1400002,,,RoleAttrImpactBaseAttr,,,,2,200,0,0,2,2,2,2,2,2
1400003,,,RoleAttrImpactBaseAttr,,,,3,200,0,0,2,2,2,2,2,2
1400004,,,RoleAttrImpactBaseAttr,,,,4,200,0,0,2,2,2,2,2,2
1400005,,,RoleAttrImpactBaseAttr,,,,5,200,0,0,2,2,2,2,2,2
1400006,,,RoleAttrImpactBaseAttr,,,,6,200,0,0,2,2,2,2,2,2
1400007,,,RoleAttrImpactBaseAttr,,,,7,200,0,0,2,2,2,2,2,2
1400008,,,RoleAttrImpactBaseAttr,,,,8,200,0,0,2,2,2,2,2,2
1400009,,,RoleAttrImpactBaseAttr,,,,9,200,0,0,2,2,2,2,2,2
1400010,,,RoleAttrImpactBaseAttr,,,,10,200,0,0,2,2,2,2,2,2
1400011,,,RoleAttrImpactBaseAttr,,,,11,200,0,0,2,2,2,2,2,2
1400012,,,RoleAttrImpactBaseAttr,,,,12,200,0,0,2,2,2,2,2,2
1400013,,,RoleAttrImpactBaseAttr,,,,13,200,0,0,2,2,2,2,2,2
1400014,,,RoleAttrImpactBaseAttr,,,,14,200,0,0,2,2,2,2,2,2
1400015,,,RoleAttrImpactBaseAttr,,,,15,200,0,0,2,2,2,2,2,2
1400016,,,RoleAttrImpactBaseAttr,,,,16,200,0,0,2,2,2,2,2,2
1400017,,,RoleAttrImpactBaseAttr,,,,17,200,0,0,2,2,2,2,2,2
1400018,,,RoleAttrImpactBaseAttr,,,,18,200,0,0,2,2,2,2,2,2
1400019,,,RoleAttrImpactBaseAttr,,,,19,200,0,0,2,2,2,2,2,2
1400020,,,RoleAttrImpactBaseAttr,,,,20,200,0,0,2,2,2,2,2,2
1400101,,,RoleAttrImpactBaseAttr,,,,1,200,0,0,2,2,2,2,2,2
1400102,,,RoleAttrImpactBaseAttr,,,,2,200,0,0,2,2,2,2,2,2
1400103,,,RoleAttrImpactBaseAttr,,,,3,200,0,0,2,2,2,2,2,2
1400104,,,RoleAttrImpactBaseAttr,,,,4,200,0,0,2,2,2,2,2,2
1400105,,,RoleAttrImpactBaseAttr,,,,5,200,0,0,2,2,2,2,2,2
1400106,,,RoleAttrImpactBaseAttr,,,,6,200,0,0,2,2,2,2,2,2
1400107,,,RoleAttrImpactBaseAttr,,,,7,200,0,0,2,2,2,2,2,2
1400108,,,RoleAttrImpactBaseAttr,,,,8,200,0,0,2,2,2,2,2,2
1400109,,,RoleAttrImpactBaseAttr,,,,9,200,0,0,2,2,2,2,2,2
1400110,,,RoleAttrImpactBaseAttr,,,,10,200,0,0,2,2,2,2,2,2
1400111,,,RoleAttrImpactBaseAttr,,,,11,200,0,0,2,2,2,2,2,2
1400112,,,RoleAttrImpactBaseAttr,,,,12,200,0,0,2,2,2,2,2,2
1400113,,,RoleAttrImpactBaseAttr,,,,13,200,0,0,2,2,2,2,2,2
1400114,,,RoleAttrImpactBaseAttr,,,,14,200,0,0,2,2,2,2,2,2
1400115,,,RoleAttrImpactBaseAttr,,,,15,200,0,0,2,2,2,2,2,2
1400116,,,RoleAttrImpactBaseAttr,,,,16,200,0,0,2,2,2,2,2,2
1400117,,,RoleAttrImpactBaseAttr,,,,17,200,0,0,2,2,2,2,2,2
1400118,,,RoleAttrImpactBaseAttr,,,,18,200,0,0,2,2,2,2,2,2
1400119,,,RoleAttrImpactBaseAttr,,,,19,200,0,0,2,2,2,2,2,2
1400120,,,RoleAttrImpactBaseAttr,,,,20,200,0,0,2,2,2,2,2,2
1400201,,,RoleAttrImpactBaseAttr,,,,1,200,0,0,2,2,2,2,2,2
1400202,,,RoleAttrImpactBaseAttr,,,,2,200,0,0,2,2,2,2,2,2
1400203,,,RoleAttrImpactBaseAttr,,,,3,200,0,0,2,2,2,2,2,2
1400204,,,RoleAttrImpactBaseAttr,,,,4,200,0,0,2,2,2,2,2,2
1400205,,,RoleAttrImpactBaseAttr,,,,5,200,0,0,2,2,2,2,2,2
1400206,,,RoleAttrImpactBaseAttr,,,,6,200,0,0,2,2,2,2,2,2
1400207,,,RoleAttrImpactBaseAttr,,,,7,200,0,0,2,2,2,2,2,2
1400208,,,RoleAttrImpactBaseAttr,,,,8,200,0,0,2,2,2,2,2,2
1400209,,,RoleAttrImpactBaseAttr,,,,9,200,0,0,2,2,2,2,2,2
1400210,,,RoleAttrImpactBaseAttr,,,,10,200,0,0,2,2,2,2,2,2
1400211,,,RoleAttrImpactBaseAttr,,,,11,200,0,0,2,2,2,2,2,2
1400212,,,RoleAttrImpactBaseAttr,,,,12,200,0,0,2,2,2,2,2,2
1400213,,,RoleAttrImpactBaseAttr,,,,13,200,0,0,2,2,2,2,2,2
1400214,,,RoleAttrImpactBaseAttr,,,,14,200,0,0,2,2,2,2,2,2
1400215,,,RoleAttrImpactBaseAttr,,,,15,200,0,0,2,2,2,2,2,2
1400216,,,RoleAttrImpactBaseAttr,,,,16,200,0,0,2,2,2,2,2,2
1400217,,,RoleAttrImpactBaseAttr,,,,17,200,0,0,2,2,2,2,2,2
1400218,,,RoleAttrImpactBaseAttr,,,,18,200,0,0,2,2,2,2,2,2
1400219,,,RoleAttrImpactBaseAttr,,,,19,200,0,0,2,2,2,2,2,2
1400220,,,RoleAttrImpactBaseAttr,,,,20,200,0,0,2,2,2,2,2,2
1400301,,,RoleAttrImpactBaseAttr,,,,1,200,0,0,2,2,2,2,2,2
1400302,,,RoleAttrImpactBaseAttr,,,,2,200,0,0,2,2,2,2,2,2
1400303,,,RoleAttrImpactBaseAttr,,,,3,200,0,0,2,2,2,2,2,2
1400304,,,RoleAttrImpactBaseAttr,,,,4,200,0,0,2,2,2,2,2,2
1400305,,,RoleAttrImpactBaseAttr,,,,5,200,0,0,2,2,2,2,2,2
1400306,,,RoleAttrImpactBaseAttr,,,,6,200,0,0,2,2,2,2,2,2
1400307,,,RoleAttrImpactBaseAttr,,,,7,200,0,0,2,2,2,2,2,2
1400308,,,RoleAttrImpactBaseAttr,,,,8,200,0,0,2,2,2,2,2,2
1400309,,,RoleAttrImpactBaseAttr,,,,9,200,0,0,2,2,2,2,2,2
1400310,,,RoleAttrImpactBaseAttr,,,,10,200,0,0,2,2,2,2,2,2
1400311,,,RoleAttrImpactBaseAttr,,,,11,200,0,0,2,2,2,2,2,2
1400312,,,RoleAttrImpactBaseAttr,,,,12,200,0,0,2,2,2,2,2,2
1400313,,,RoleAttrImpactBaseAttr,,,,13,200,0,0,2,2,2,2,2,2
1400314,,,RoleAttrImpactBaseAttr,,,,14,200,0,0,2,2,2,2,2,2
1400315,,,RoleAttrImpactBaseAttr,,,,15,200,0,0,2,2,2,2,2,2
1400316,,,RoleAttrImpactBaseAttr,,,,16,200,0,0,2,2,2,2,2,2
1400317,,,RoleAttrImpactBaseAttr,,,,17,200,0,0,2,2,2,2,2,2
1400318,,,RoleAttrImpactBaseAttr,,,,18,200,0,0,2,2,2,2,2,2
1400319,,,RoleAttrImpactBaseAttr,,,,19,200,0,0,2,2,2,2,2,2
1400320,,,RoleAttrImpactBaseAttr,,,,20,200,0,0,2,2,2,2,2,2
1400401,,,RoleAttrImpactBaseAttr,,,,1,200,0,0,2,2,2,2,2,2
1400402,,,RoleAttrImpactBaseAttr,,,,2,200,0,0,2,2,2,2,2,2
1400403,,,RoleAttrImpactBaseAttr,,,,3,200,0,0,2,2,2,2,2,2
1400404,,,RoleAttrImpactBaseAttr,,,,4,200,0,0,2,2,2,2,2,2
1400405,,,RoleAttrImpactBaseAttr,,,,5,200,0,0,2,2,2,2,2,2
1400406,,,RoleAttrImpactBaseAttr,,,,6,200,0,0,2,2,2,2,2,2
1400407,,,RoleAttrImpactBaseAttr,,,,7,200,0,0,2,2,2,2,2,2
1400408,,,RoleAttrImpactBaseAttr,,,,8,200,0,0,2,2,2,2,2,2
1400409,,,RoleAttrImpactBaseAttr,,,,9,200,0,0,2,2,2,2,2,2
1400410,,,RoleAttrImpactBaseAttr,,,,10,200,0,0,2,2,2,2,2,2
1400411,,,RoleAttrImpactBaseAttr,,,,11,200,0,0,2,2,2,2,2,2
1400412,,,RoleAttrImpactBaseAttr,,,,12,200,0,0,2,2,2,2,2,2
1400413,,,RoleAttrImpactBaseAttr,,,,13,200,0,0,2,2,2,2,2,2
1400414,,,RoleAttrImpactBaseAttr,,,,14,200,0,0,2,2,2,2,2,2
1400415,,,RoleAttrImpactBaseAttr,,,,15,200,0,0,2,2,2,2,2,2
1400416,,,RoleAttrImpactBaseAttr,,,,16,200,0,0,2,2,2,2,2,2
1400417,,,RoleAttrImpactBaseAttr,,,,17,200,0,0,2,2,2,2,2,2
1400418,,,RoleAttrImpactBaseAttr,,,,18,200,0,0,2,2,2,2,2,2
1400419,,,RoleAttrImpactBaseAttr,,,,19,200,0,0,2,2,2,2,2,2
1400420,,,RoleAttrImpactBaseAttr,,,,20,200,0,0,2,2,2,2,2,2
