"""ID""","""Name""","""Desc""","""NameStrDict""","""DescStrDict""","""Icon""","""Model""","""Quality""","""DropItem""","""StackNum"""
1,Weapon_3000,,80101,1,Weapon_3000,Weapon_HW_01_SM,1,Model/Weapon_HW_01_SM,1
2,Weapon_3001,,80102,1,Weapon_3001,Weapon_HW_02_SM,1,Model/Weapon_HW_02_SM,1
3,Weapon_3002,,80103,1,Weapon_3002,Weapon_HW_03_SM,1,Model/Weapon_HW_03_SM,1
4,Weapon_3003,,80104,1,Weapon_3003,Weapon_HW_04_SM,1,Model/Weapon_HW_04_SM,1
5,Weapon_3004,,80105,1,Weapon_3004,Weapon_HW_05_SM,1,Model/Weapon_HW_05_SM,1
6,Weapon_3005,,80106,1,Weapon_3005,Weapon_HW_06_SM,1,Model/Weapon_HW_06_SM,1
7,Weapon_3006,,80107,1,Weapon_3006,Weapon_HW_07_SM,1,Model/Weapon_HW_07_SM,1
8,Weapon_3007,,80108,1,Weapon_3007,Weapon_HW_08_SM,1,Model/Weapon_HW_08_SM,1
9,Weapon_3008,,80109,1,Weapon_3008,Weapon_HW_09_SM,1,Model/Weapon_HW_09_SM,1
10,Weapon_3009,,80110,1,Weapon_3009,Weapon_HW_10_SM,1,Model/Weapon_HW_10_SM,1
11,Weapon_3010,,80111,1,Weapon_3010,Weapon_HW_11_SM,1,Model/Weapon_HW_11_SM,1
12,Weapon_3011,,80112,1,Weapon_3011,Weapon_HW_12_SM,1,Model/Weapon_HW_12_SM,1
1001,Weapon_3519,,80001,1,Weapon_3519,Weapon_S_01_SM,1,Model/Weapon_S_01_SM,1
1002,Weapon_3520,,80002,1,Weapon_3520,Weapon_S_02_SM,1,Model/Weapon_S_02_SM,1
1003,Weapon_3521,,80003,1,Weapon_3521,Weapon_S_03_SM,1,Model/Weapon_S_03_SM,1
1004,Weapon_3522,,80004,1,Weapon_3522,Weapon_S_04_SM,1,Model/Weapon_S_04_SM,1
1005,Weapon_3523,,80005,1,Weapon_3523,Weapon_S_05_SM,1,Model/Weapon_S_05_SM,1
1006,Weapon_3524,,80006,1,Weapon_3524,Weapon_S_06_SM,1,Model/Weapon_S_06_SM,1
1007,Weapon_3525,,80007,1,Weapon_3525,Weapon_S_07_SM,1,Model/Weapon_S_07_SM,1
1008,Weapon_3526,,80008,1,Weapon_3526,Weapon_S_08_SM,1,Model/Weapon_S_08_SM,1
1009,Weapon_3527,,80009,1,Weapon_3527,Weapon_S_09_SM,1,Model/Weapon_S_09_SM,1
1010,Weapon_3528,,80010,1,Weapon_3528,Weapon_S_10_SM,1,Model/Weapon_S_10_SM,1
1011,Weapon_3529,,80011,1,Weapon_3529,Weapon_S_11_SM,1,Model/Weapon_S_11_SM,1
1012,Weapon_3530,,80012,1,Weapon_3530,Weapon_S_12_SM,1,Model/Weapon_S_12_SM,1
10001,Clothes_6000,,80201,1,Clothes_6000,Clothes_6000,1,Drop/body01/body01,1
10002,Clothes_6001,,80202,1,Clothes_6001,Clothes_6001,1,Drop/body01/body01,1
10003,Clothes_6002,,80203,1,Clothes_6002,Clothes_6002,1,Drop/body01/body01,1
10004,Clothes_6003,,80204,1,Clothes_6003,Clothes_6003,1,Drop/body01/body01,1
10005,Clothes_6004,,80205,1,Clothes_6004,Clothes_6004,1,Drop/body01/body01,1
10006,Clothes_6005,,80206,1,Clothes_6005,Clothes_6005,1,Drop/body01/body01,1
10007,Clothes_6006,,80207,1,Clothes_6006,Clothes_6006,1,Drop/body01/body01,1
10008,Clothes_6007,,80208,1,Clothes_6007,Clothes_6007,1,Drop/body01/body01,1
10009,Clothes_6008,,80209,1,Clothes_6008,Clothes_6008,1,Drop/body01/body01,1
10010,Clothes_6009,,80210,1,Clothes_6009,Clothes_6009,1,Drop/body01/body01,1
11001,Shoes_9000,,80301,1,Shoes_9000,Shoes_9000,1,Drop/body01/body01,1
11002,Shoes_9001,,80302,1,Shoes_9001,Shoes_9001,1,Drop/Gem/Gem1,1
11003,Shoes_9002,,80303,1,Shoes_9002,Shoes_9002,1,Drop/Gem/Gem1,1
11004,Shoes_9003,,80304,1,Shoes_9003,Shoes_9003,1,Drop/Gem/Gem1,1
11005,Shoes_9004,,80305,1,Shoes_9004,Shoes_9004,1,Drop/Gem/Gem1,1
11006,Shoes_9005,,80306,1,Shoes_9005,Shoes_9005,1,Drop/Gem/Gem1,1
11007,Shoes_9006,,80307,1,Shoes_9006,Shoes_9006,1,Drop/Gem/Gem1,1
11008,Shoes_9007,,80308,1,Shoes_9007,Shoes_9007,1,Drop/Gem/Gem1,1
11009,Shoes_9008,,80309,1,Shoes_9008,Shoes_9008,1,Drop/Gem/Gem1,1
11010,Shoes_9009,,80310,1,Shoes_9009,Shoes_9009,1,Drop/Gem/Gem1,1
12001,Necklace_7000,,80401,1,Necklace_7000,Necklace_7000,1,Drop/Gem/Gem2,1
12002,Necklace_7001,,80402,1,Necklace_7001,Necklace_7001,1,Drop/Gem/Gem2,1
12003,Necklace_7002,,80403,1,Necklace_7002,Necklace_7002,1,Drop/Gem/Gem2,1
12004,Necklace_7003,,80404,1,Necklace_7003,Necklace_7003,1,Drop/Gem/Gem2,1
12005,Necklace_7004,,80405,1,Necklace_7004,Necklace_7004,1,Drop/Gem/Gem2,1
12006,Necklace_7005,,80406,1,Necklace_7005,Necklace_7005,1,Drop/Gem/Gem2,1
12007,Necklace_7006,,80407,1,Necklace_7006,Necklace_7006,1,Drop/Gem/Gem2,1
12008,Necklace_7007,,80408,1,Necklace_7007,Necklace_7007,1,Drop/Gem/Gem2,1
12009,Necklace_7008,,80409,1,Necklace_7008,Necklace_7008,1,Drop/Gem/Gem2,1
12010,Necklace_7009,,80410,1,Necklace_7009,Necklace_7009,1,Drop/Gem/Gem2,1
13001,Rings_8000,,80501,1,Rings_8000,Rings_8000,1,Drop/Gem/Gem3,1
13002,Rings_8001,,80502,1,Rings_8001,Rings_8001,1,Drop/Gem/Gem3,1
13003,Rings_8002,,80503,1,Rings_8002,Rings_8002,1,Drop/Gem/Gem3,1
13004,Rings_8003,,80504,1,Rings_8003,Rings_8003,1,Drop/Gem/Gem3,1
13005,Rings_8004,,80505,1,Rings_8004,Rings_8004,1,Drop/Gem/Gem3,1
13006,Rings_8005,,80506,1,Rings_8005,Rings_8005,1,Drop/Gem/Gem3,1
13007,Rings_8006,,80507,1,Rings_8006,Rings_8006,1,Drop/Gem/Gem3,1
13008,Rings_8007,,80508,1,Rings_8007,Rings_8007,1,Drop/Gem/Gem3,1
13009,Rings_8008,,80509,1,Rings_8008,Rings_8008,1,Drop/Gem/Gem3,1
13010,Rings_8009,,80510,1,Rings_8009,Rings_8009,1,Drop/Gem/Gem3,1
20000,EquipResetMaterial,,1,1,EquipStuff01,EquipStuff01,1,Drop/Gem/Gem4,1
60000,GamblingDiamond,,1,1,FB_005,FB_005,1,Drop/Gem/Gem6,1
60001,GamblingWeapon,,1,1,FB_005,FB_005,2,Drop/Gem/Gem7,1
60002,GamblingDefence,,1,1,FB_005,FB_005,3,Drop/Gem/Gem8,1
60003,GamblingJwalry,,1,1,FB_005,FB_005,4,Drop/Gem/Gem9,1
70001,Gem1-1,EleAtk1,33001,34001,FB_005,FB_005,2,Drop/Gem/Gem9,999
70002,Gem1-2,EleAtk1,33002,34002,FB_005,FB_005,2,Drop/Gem/Gem9,999
70003,Gem1-3,EleAtk1,33003,34003,FB_005,FB_005,2,Drop/Gem/Gem9,999
70004,Gem1-4,EleAtk1,33004,34004,FB_005,FB_005,3,Drop/Gem/Gem9,999
70005,Gem1-5,EleAtk1,33005,34005,FB_005,FB_005,3,Drop/Gem/Gem9,999
70006,Gem2-1,EleAtk2,33006,34006,FB_005,FB_005,3,Drop/Gem/Gem9,999
70007,Gem2-2,EleAtk2,33007,34007,FB_005,FB_005,3,Drop/Gem/Gem9,999
70008,Gem2-3,EleAtk2,33008,34008,FB_005,FB_005,4,Drop/Gem/Gem9,999
70009,Gem2-4,EleAtk2,33009,34009,FB_005,FB_005,4,Drop/Gem/Gem9,999
70010,Gem2-5,EleAtk2,33010,34010,FB_005,FB_005,4,Drop/Gem/Gem9,999
71000,anyGem1,anyGem1,35000,35001,FB_005,FB_005,4,Drop/Gem/Gem9,999
71001,anyGem2,anyGem2,35002,35003,FB_005,FB_005,4,Drop/Gem/Gem9,999
120000,Weapon_3000,,90000,1,Weapon_3000,Weapon_HW_01_SM,1,Model/Weapon_HW_01_SM,1
120001,Weapon_3001,,90001,1,Weapon_3001,Weapon_HW_02_SM,1,Model/Weapon_HW_02_SM,1
120002,Weapon_3002,,90002,1,Weapon_3002,Weapon_HW_03_SM,1,Model/Weapon_HW_03_SM,1
120003,Weapon_3003,,90003,1,Weapon_3003,Weapon_HW_04_SM,1,Model/Weapon_HW_04_SM,1
120004,Weapon_3004,,90004,1,Weapon_3004,Weapon_HW_05_SM,1,Model/Weapon_HW_05_SM,1
120005,Weapon_3005,,90005,1,Weapon_3005,Weapon_HW_06_SM,1,Model/Weapon_HW_06_SM,1
120006,Weapon_3006,,90006,1,Weapon_3006,Weapon_HW_07_SM,1,Model/Weapon_HW_07_SM,1
120007,Weapon_3007,,90007,1,Weapon_3007,Weapon_HW_08_SM,1,Model/Weapon_HW_08_SM,1
120008,Weapon_3008,,90008,1,Weapon_3008,Weapon_HW_09_SM,1,Model/Weapon_HW_09_SM,1
120009,Weapon_3009,,90009,1,Weapon_3009,Weapon_HW_10_SM,1,Model/Weapon_HW_10_SM,1
120010,Weapon_3010,,90010,1,Weapon_3010,Weapon_HW_11_SM,1,Model/Weapon_HW_11_SM,1
120011,Weapon_3011,,90011,1,Weapon_3011,Weapon_HW_12_SM,1,Model/Weapon_HW_12_SM,1
120012,Weapon_3010,,90012,1,Weapon_3010,Weapon_HW_11_SM,1,Model/Weapon_HW_11_SM,1
120013,Weapon_3011,,90013,1,Weapon_3011,Weapon_HW_12_SM,1,Model/Weapon_HW_12_SM,1
120100,Weapon_3519,,90014,1,Weapon_3519,Weapon_S_01_SM,1,Model/Weapon_S_01_SM,1
120101,Weapon_3520,,90015,1,Weapon_3520,Weapon_S_02_SM,1,Model/Weapon_S_02_SM,1
120102,Weapon_3521,,90016,1,Weapon_3521,Weapon_S_03_SM,1,Model/Weapon_S_03_SM,1
120103,Weapon_3522,,90017,1,Weapon_3522,Weapon_S_04_SM,1,Model/Weapon_S_04_SM,1
120104,Weapon_3523,,90018,1,Weapon_3523,Weapon_S_05_SM,1,Model/Weapon_S_05_SM,1
120105,Weapon_3524,,90019,1,Weapon_3524,Weapon_S_06_SM,1,Model/Weapon_S_06_SM,1
120106,Weapon_3525,,90020,1,Weapon_3525,Weapon_S_07_SM,1,Model/Weapon_S_07_SM,1
120107,Weapon_3526,,90021,1,Weapon_3526,Weapon_S_08_SM,1,Model/Weapon_S_08_SM,1
120108,Weapon_3527,,90022,1,Weapon_3527,Weapon_S_09_SM,1,Model/Weapon_S_09_SM,1
120109,Weapon_3528,,90023,1,Weapon_3528,Weapon_S_10_SM,1,Model/Weapon_S_10_SM,1
120110,Weapon_3529,,90024,1,Weapon_3529,Weapon_S_11_SM,1,Model/Weapon_S_11_SM,1
120111,Weapon_3530,,90025,1,Weapon_3530,Weapon_S_12_SM,1,Model/Weapon_S_12_SM,1
120112,Weapon_3529,,90026,1,Weapon_3529,Weapon_S_11_SM,1,Model/Weapon_S_11_SM,1
120113,Weapon_3530,,90027,1,Weapon_3530,Weapon_S_12_SM,1,Model/Weapon_S_12_SM,1
121001,Clothes_6000,,90028,1,Clothes_6000,Clothes_6000,1,Drop/body01/body01,1
121002,Clothes_6001,,90029,1,Clothes_6001,Clothes_6001,1,Drop/body01/body01,1
121003,Clothes_6002,,90030,1,Clothes_6002,Clothes_6002,1,Drop/body01/body01,1
121004,Clothes_6003,,90031,1,Clothes_6003,Clothes_6003,1,Drop/body01/body01,1
121005,Clothes_6004,,90032,1,Clothes_6004,Clothes_6004,1,Drop/body01/body01,1
121006,Clothes_6005,,90033,1,Clothes_6005,Clothes_6005,1,Drop/body01/body01,1
121007,Clothes_6006,,90034,1,Clothes_6006,Clothes_6006,1,Drop/body01/body01,1
121008,Clothes_6007,,90035,1,Clothes_6007,Clothes_6007,1,Drop/body01/body01,1
121009,Clothes_6008,,90036,1,Clothes_6008,Clothes_6008,1,Drop/body01/body01,1
121010,Clothes_6009,,90037,1,Clothes_6009,Clothes_6009,1,Drop/body01/body01,1
122001,Shoes_9000,,90038,1,Shoes_9000,Shoes_9000,1,Drop/body01/body01,1
122002,Shoes_9001,,90039,1,Shoes_9001,Shoes_9001,1,Drop/Gem/Gem1,1
122003,Shoes_9002,,90040,1,Shoes_9002,Shoes_9002,1,Drop/Gem/Gem1,1
122004,Shoes_9003,,90041,1,Shoes_9003,Shoes_9003,1,Drop/Gem/Gem1,1
122005,Shoes_9004,,90042,1,Shoes_9004,Shoes_9004,1,Drop/Gem/Gem1,1
122006,Shoes_9005,,90043,1,Shoes_9005,Shoes_9005,1,Drop/Gem/Gem1,1
122007,Shoes_9006,,90044,1,Shoes_9006,Shoes_9006,1,Drop/Gem/Gem1,1
122008,Shoes_9007,,90045,1,Shoes_9007,Shoes_9007,1,Drop/Gem/Gem1,1
123001,Necklace_7000,,90046,1,Necklace_7000,Necklace_7000,1,Drop/Gem/Gem2,1
123002,Necklace_7001,,90047,1,Necklace_7001,Necklace_7001,1,Drop/Gem/Gem2,1
123003,Necklace_7002,,90048,1,Necklace_7002,Necklace_7002,1,Drop/Gem/Gem2,1
123004,Necklace_7003,,90049,1,Necklace_7003,Necklace_7003,1,Drop/Gem/Gem2,1
123005,Necklace_7004,,90050,1,Necklace_7004,Necklace_7004,1,Drop/Gem/Gem2,1
123006,Necklace_7005,,90051,1,Necklace_7005,Necklace_7005,1,Drop/Gem/Gem2,1
123007,Necklace_7006,,90052,1,Necklace_7006,Necklace_7006,1,Drop/Gem/Gem2,1
123008,Necklace_7007,,90053,1,Necklace_7007,Necklace_7007,1,Drop/Gem/Gem2,1
123009,Necklace_7008,,90054,1,Necklace_7008,Necklace_7008,1,Drop/Gem/Gem2,1
123010,Necklace_7009,,90055,1,Necklace_7009,Necklace_7009,1,Drop/Gem/Gem2,1
124001,Rings_8000,,90056,1,Rings_8000,Rings_8000,1,Drop/Gem/Gem3,1
124002,Rings_8001,,90057,1,Rings_8001,Rings_8001,1,Drop/Gem/Gem3,1
124003,Rings_8002,,90058,1,Rings_8002,Rings_8002,1,Drop/Gem/Gem3,1
124004,Rings_8003,,90059,1,Rings_8003,Rings_8003,1,Drop/Gem/Gem3,1
124005,Rings_8004,,90060,1,Rings_8004,Rings_8004,1,Drop/Gem/Gem3,1
124006,Rings_8005,,90061,1,Rings_8005,Rings_8005,1,Drop/Gem/Gem3,1
124007,Rings_8006,,90062,1,Rings_8006,Rings_8006,1,Drop/Gem/Gem3,1
124008,Rings_8007,,90063,1,Rings_8007,Rings_8007,1,Drop/Gem/Gem3,1
124009,Rings_8008,,90064,1,Rings_8008,Rings_8008,1,Drop/Gem/Gem3,1
124010,Rings_8009,,90065,1,Rings_8009,Rings_8009,1,Drop/Gem/Gem3,1
125000,Clothes_6009,,90100,1,Clothes_6009,Clothes_6009,1,Drop/body01/body01,1
125001,Shoes_9000,,90100,1,Shoes_9000,Shoes_9000,1,Drop/body01/body01,1
125002,Necklace_7009,,90100,1,Necklace_7009,Necklace_7009,1,Drop/Gem/Gem2,1
125003,Rings_8000,,90100,1,Rings_8000,Rings_8000,1,Drop/Gem/Gem3,1
126000,Clothes_6009,,90200,1,Clothes_6009,Clothes_6009,1,Drop/body01/body01,1
126001,Shoes_9000,,90200,1,Shoes_9000,Shoes_9000,1,Drop/body01/body01,1
126002,Necklace_7009,,90200,1,Necklace_7009,Necklace_7009,1,Drop/Gem/Gem2,1
126003,Rings_8000,,90200,1,Rings_8000,Rings_8000,1,Drop/Gem/Gem3,1
127000,Clothes_6009,,90300,1,Clothes_6009,Clothes_6009,1,Drop/body01/body01,1
127001,Shoes_9000,,90300,1,Shoes_9000,Shoes_9000,1,Drop/body01/body01,1
127002,Necklace_7009,,90300,1,Necklace_7009,Necklace_7009,1,Drop/Gem/Gem2,1
127003,Rings_8000,,90300,1,Rings_8000,Rings_8000,1,Drop/Gem/Gem3,1
128000,Clothes_6009,,90400,1,Clothes_6009,Clothes_6009,1,Drop/body01/body01,1
128001,Shoes_9000,,90400,1,Shoes_9000,Shoes_9000,1,Drop/body01/body01,1
128002,Necklace_7009,,90400,1,Necklace_7009,Necklace_7009,1,Drop/Gem/Gem2,1
128003,Rings_8000,,90400,1,Rings_8000,Rings_8000,1,Drop/Gem/Gem3,1
999999,Rings_8009,,1,1,Rings_8009,Rings_8009,1,Drop/Gem/Gem3,1
#shopItems,,,,,,,,,1
1000001,diamond,,2000001,2100001,Rings_8009,Rings_8009,4,Drop/Gem/Gem3,999
1000002,gold,,2000002,2100002,Rings_8009,Rings_8009,3,Drop/Gem/Gem3,999
1000011,gem,,2000011,2100011,Rings_8009,Rings_8009,2,Drop/Gem/Gem3,999
1000012,gem,,2000012,2100012,Rings_8009,Rings_8009,2,Drop/Gem/Gem3,999
1000013,gem,,2000013,2100013,Rings_8009,Rings_8009,2,Drop/Gem/Gem3,999
1000014,gem,,2000014,2100014,Rings_8009,Rings_8009,2,Drop/Gem/Gem3,999
1000015,gem,,2000015,2100015,Rings_8009,Rings_8009,2,Drop/Gem/Gem3,999
1000016,gem,,2000016,2100016,Rings_8009,Rings_8009,2,Drop/Gem/Gem3,999
1000017,gem,,2000017,2100017,Rings_8009,Rings_8009,2,Drop/Gem/Gem3,999
1000018,gem,,2000018,2100018,Rings_8009,Rings_8009,2,Drop/Gem/Gem3,999
1000019,gem,,2000019,2100019,Rings_8009,Rings_8009,2,Drop/Gem/Gem3,999
1000020,gem,,2000020,2100020,Rings_8009,Rings_8009,2,Drop/Gem/Gem3,999
1000021,gem,,2000021,2100021,Rings_8009,Rings_8009,2,Drop/Gem/Gem3,999
1000030,gem,,2000030,2100030,Rings_8009,Rings_8009,3,Drop/Gem/Gem3,999
1000101,Element,,2000101,2100101,Rings_8009,Rings_8009,2,Drop/Gem/Gem3,999
1000102,Element,,2000102,2100102,Rings_8009,Rings_8009,2,Drop/Gem/Gem3,999
1000103,Element,,2000103,2100103,Rings_8009,Rings_8009,2,Drop/Gem/Gem3,999
1000104,Element,,2000104,2100104,Rings_8009,Rings_8009,2,Drop/Gem/Gem3,999
1000105,Element,,2000105,2100105,Rings_8009,Rings_8009,2,Drop/Gem/Gem3,999
1000106,Element,,2000106,2100106,Rings_8009,Rings_8009,2,Drop/Gem/Gem3,999
1000107,Element,,2000107,2100107,Rings_8009,Rings_8009,2,Drop/Gem/Gem3,999
1000108,Element,,2000108,2100108,Rings_8009,Rings_8009,2,Drop/Gem/Gem3,999
1000109,Element,,2000109,2100109,Rings_8009,Rings_8009,2,Drop/Gem/Gem3,999
1000110,Element,,2000110,2100110,Rings_8009,Rings_8009,2,Drop/Gem/Gem3,999
1000111,Element,,2000111,2100111,Rings_8009,Rings_8009,2,Drop/Gem/Gem3,999
1000130,Element,,2000130,2100130,Rings_8009,Rings_8009,3,Drop/Gem/Gem3,999
1001001,item,BossTicket,2001001,2101001,Rings_8009,Rings_8009,3,Drop/Gem/Gem3,999
1001002,item,GoldTicket,2001002,2101002,Rings_8009,Rings_8009,3,Drop/Gem/Gem3,999
1001003,item,GoldLotteryItem,2001003,2101003,Rings_8009,Rings_8009,4,Drop/Gem/Gem3,999
1001004,item,DiamondLotteryItem,2001004,2101004,Rings_8009,Rings_8009,4,Drop/Gem/Gem3,999
#element material,,,,,,,,,1
1100001,FiveElement1,Strength,1310001,1,FB_005,FB_005,1,Drop/Gem/Gem1,999
1100002,FiveElement2,Dexterity,1310002,1,FB_005,FB_005,2,Drop/Gem/Gem2,999
1100003,FiveElement3,Intelligence,1310003,1,FB_005,FB_005,3,Drop/Gem/Gem3,999
1100004,FiveElement4,Vitality,1310004,1,FB_005,FB_005,4,Drop/Gem/Gem4,999
1100005,FiveElement5,HPMax,1310005,1,FB_005,FB_005,5,Drop/Gem/Gem5,999
1100006,FiveElement6,Attack,1310006,1,FB_005,FB_005,1,Drop/Gem/Gem1,999
1100007,FiveElement7,Defense,1310007,1,FB_005,FB_005,2,Drop/Gem/Gem2,999
1100008,FiveElement8,FireAttackAdd,1310008,1,FB_005,FB_005,3,Drop/Gem/Gem3,999
1100009,FiveElement9,ColdAttackAdd,1310009,1,FB_005,FB_005,4,Drop/Gem/Gem4,999
1100010,FiveElement10,LightingAttackAdd,1310010,1,FB_005,FB_005,5,Drop/Gem/Gem5,999
1100011,FiveElement11,WindAttackAdd,1310011,1,FB_005,FB_005,5,Drop/Gem/Gem5,999
#soul&summon,,,,,,,,,1
1200001,GoldLotteryItem,GoldLotteryItem,1250000,1250000,FB_005,FB_005,5,Drop/Gem/Gem5,999
1200002,DiamondLotteryItem,DiamondLotteryItem,1250001,1250001,FB_005,FB_005,5,Drop/Gem/Gem5,999
1210001,MonChiFuShanZeiDuiZhang,MonChiFuShanZeiDuiZhang,1,1,FB_005,FB_005,5,Drop/Gem/Gem5,999
1210002,MonChuiBingDuiZhang,MonChuiBingDuiZhang,1,1,FB_005,FB_005,5,Drop/Gem/Gem5,999
1210003,MonDaoBingDuiZhang,MonDaoBingDuiZhang,1,1,FB_005,FB_005,5,Drop/Gem/Gem5,999
1210004,MonFuBingDuiZhang,MonFuBingDuiZhang,1,1,FB_005,FB_005,5,Drop/Gem/Gem5,999
1210005,MonGaiBangDuiZhang,MonGaiBangDuiZhang,1,1,FB_005,FB_005,5,Drop/Gem/Gem5,999
1210006,MonGongBing,MonGongBing,1,1,FB_005,FB_005,5,Drop/Gem/Gem5,999
1210007,MonGongBingDuiZhang,MonGongBingDuiZhang,1,1,FB_005,FB_005,5,Drop/Gem/Gem5,999
1210008,MonGunSengDuiZhang,MonGunSengDuiZhang,1,1,FB_005,FB_005,5,Drop/Gem/Gem5,999
1210009,MonJianBingDuiZhang,MonJianBingDuiZhang,1,1,FB_005,FB_005,5,Drop/Gem/Gem5,999
1210010,MonNanDaoShi,MonNanDaoShi,1,1,FB_005,FB_005,5,Drop/Gem/Gem5,999
1210011,MonNanDaoShiDuiZhang,MonNanDaoShiDuiZhang,1,1,FB_005,FB_005,5,Drop/Gem/Gem5,999
1210012,MonQiLin,MonQiLin,1,1,FB_005,FB_005,5,Drop/Gem/Gem5,999
1210013,MonQiLinMo,MonQiLinMo,1,1,FB_005,FB_005,5,Drop/Gem/Gem5,999
1210014,MonQiLinShui,MonQiLinShui,1,1,FB_005,FB_005,5,Drop/Gem/Gem5,999
1210015,MonShaShouDuiZhang,MonShaShouDuiZhang,1,1,FB_005,FB_005,5,Drop/Gem/Gem5,999
1210016,MonShuangDaoBingDuiZhang,MonShuangDaoBingDuiZhang,1,1,FB_005,FB_005,5,Drop/Gem/Gem5,999
1220001,HeroBaiQi,HeroBaiQi,1,1,FB_005,FB_005,5,Drop/Gem/Gem5,999
1220002,HeroCaoCao,HeroCaoCao,1,1,FB_005,FB_005,5,Drop/Gem/Gem5,999
1220003,HeroDaJi,HeroDaJi,1,1,FB_005,FB_005,5,Drop/Gem/Gem5,999
1220004,HeroDianWei,HeroDianWei,1,1,FB_005,FB_005,5,Drop/Gem/Gem5,999
1220005,HeroDiaoChan,HeroDiaoChan,1,1,FB_005,FB_005,5,Drop/Gem/Gem5,999
1220006,HeroDiRenJie,HeroDiRenJie,1,1,FB_005,FB_005,5,Drop/Gem/Gem5,999
1220007,HeroJiangZiYa,HeroJiangZiYa,1,1,FB_005,FB_005,5,Drop/Gem/Gem5,999
1220008,HeroJingKe,HeroJingKe,1,1,FB_005,FB_005,5,Drop/Gem/Gem5,999
1220009,HeroLeiZhenZi,HeroLeiZhenZi,1,1,FB_005,FB_005,5,Drop/Gem/Gem5,999
1220010,HeroLianPo,HeroLianPo,1,1,FB_005,FB_005,5,Drop/Gem/Gem5,999
1220011,HeroLuBan,HeroLuBan,1,1,FB_005,FB_005,5,Drop/Gem/Gem5,999
1220012,HeroNeZha,HeroNeZha,1,1,FB_005,FB_005,5,Drop/Gem/Gem5,999
1220013,HeroShengGongBao,HeroShengGongBao,1,1,FB_005,FB_005,5,Drop/Gem/Gem5,999
1220014,HeroWenZhong,HeroWenZhong,1,1,FB_005,FB_005,5,Drop/Gem/Gem5,999
1220015,HeroWuZeTian,HeroWuZeTian,1,1,FB_005,FB_005,5,Drop/Gem/Gem5,999
1220016,HeroXiShi,HeroXiShi,1,1,FB_005,FB_005,5,Drop/Gem/Gem5,999
1220017,HeroYangGuiFei,HeroYangGuiFei,1,1,FB_005,FB_005,5,Drop/Gem/Gem5,999
1220018,HeroYangJian,HeroYangJian,1,1,FB_005,FB_005,5,Drop/Gem/Gem5,999
1220019,HeroZhaoYun,HeroZhaoYun,1,1,FB_005,FB_005,5,Drop/Gem/Gem5,999
1220020,HeroZhouWang,HeroZhouWang,1,1,FB_005,FB_005,5,Drop/Gem/Gem5,999
1230001,MonChiFuShanZeiDuiZhang,MonChiFuShanZeiDuiZhang,1,1,FB_005,FB_005,5,Drop/Gem/Gem5,999
1230002,MonChuiBingDuiZhang,MonChuiBingDuiZhang,1,1,FB_005,FB_005,5,Drop/Gem/Gem5,999
1230003,MonDaoBingDuiZhang,MonDaoBingDuiZhang,1,1,FB_005,FB_005,5,Drop/Gem/Gem5,999
1230004,MonFuBingDuiZhang,MonFuBingDuiZhang,1,1,FB_005,FB_005,5,Drop/Gem/Gem5,999
1230005,MonGaiBangDuiZhang,MonGaiBangDuiZhang,1,1,FB_005,FB_005,5,Drop/Gem/Gem5,999
1230006,MonGongBing,MonGongBing,1,1,FB_005,FB_005,5,Drop/Gem/Gem5,999
1230007,MonGongBingDuiZhang,MonGongBingDuiZhang,1,1,FB_005,FB_005,5,Drop/Gem/Gem5,999
1230008,MonGunSengDuiZhang,MonGunSengDuiZhang,1,1,FB_005,FB_005,5,Drop/Gem/Gem5,999
1230009,MonJianBingDuiZhang,MonJianBingDuiZhang,1,1,FB_005,FB_005,5,Drop/Gem/Gem5,999
1230010,MonNanDaoShi,MonNanDaoShi,1,1,FB_005,FB_005,5,Drop/Gem/Gem5,999
1230011,MonNanDaoShiDuiZhang,MonNanDaoShiDuiZhang,1,1,FB_005,FB_005,5,Drop/Gem/Gem5,999
1230012,MonQiLin,MonQiLin,1,1,FB_005,FB_005,5,Drop/Gem/Gem5,999
1230013,MonQiLinMo,MonQiLinMo,1,1,FB_005,FB_005,5,Drop/Gem/Gem5,999
1230014,MonQiLinShui,MonQiLinShui,1,1,FB_005,FB_005,5,Drop/Gem/Gem5,999
1230015,MonShaShouDuiZhang,MonShaShouDuiZhang,1,1,FB_005,FB_005,5,Drop/Gem/Gem5,999
1230016,MonShuangDaoBingDuiZhang,MonShuangDaoBingDuiZhang,1,1,FB_005,FB_005,5,Drop/Gem/Gem5,999
1240001,HeroBaiQi,HeroBaiQi,1,1,FB_005,FB_005,5,Drop/Gem/Gem5,999
1240002,HeroCaoCao,HeroCaoCao,1,1,FB_005,FB_005,5,Drop/Gem/Gem5,999
1240003,HeroDaJi,HeroDaJi,1,1,FB_005,FB_005,5,Drop/Gem/Gem5,999
1240004,HeroDianWei,HeroDianWei,1,1,FB_005,FB_005,5,Drop/Gem/Gem5,999
1240005,HeroDiaoChan,HeroDiaoChan,1,1,FB_005,FB_005,5,Drop/Gem/Gem5,999
1240006,HeroDiRenJie,HeroDiRenJie,1,1,FB_005,FB_005,5,Drop/Gem/Gem5,999
1240007,HeroJiangZiYa,HeroJiangZiYa,1,1,FB_005,FB_005,5,Drop/Gem/Gem5,999
1240008,HeroJingKe,HeroJingKe,1,1,FB_005,FB_005,5,Drop/Gem/Gem5,999
1240009,HeroLeiZhenZi,HeroLeiZhenZi,1,1,FB_005,FB_005,5,Drop/Gem/Gem5,999
1240010,HeroLianPo,HeroLianPo,1,1,FB_005,FB_005,5,Drop/Gem/Gem5,999
1240011,HeroLuBan,HeroLuBan,1,1,FB_005,FB_005,5,Drop/Gem/Gem5,999
1240012,HeroNeZha,HeroNeZha,1,1,FB_005,FB_005,5,Drop/Gem/Gem5,999
1240013,HeroShengGongBao,HeroShengGongBao,1,1,FB_005,FB_005,5,Drop/Gem/Gem5,999
1240014,HeroWenZhong,HeroWenZhong,1,1,FB_005,FB_005,5,Drop/Gem/Gem5,999
1240015,HeroWuZeTian,HeroWuZeTian,1,1,FB_005,FB_005,5,Drop/Gem/Gem5,999
1240016,HeroXiShi,HeroXiShi,1,1,FB_005,FB_005,5,Drop/Gem/Gem5,999
1240017,HeroYangGuiFei,HeroYangGuiFei,1,1,FB_005,FB_005,5,Drop/Gem/Gem5,999
1240018,HeroYangJian,HeroYangJian,1,1,FB_005,FB_005,5,Drop/Gem/Gem5,999
1240019,HeroZhaoYun,HeroZhaoYun,1,1,FB_005,FB_005,5,Drop/Gem/Gem5,999
1240020,HeroZhouWang,HeroZhouWang,1,1,FB_005,FB_005,5,Drop/Gem/Gem5,999
#element core,,,,,,,,,
1500001,FiveElement1,FiveElement1,1320001,1,FB_005,FB_005,1,Drop/Gem/Gem1,999
1500002,FiveElement2,FiveElement2,1320001,1,FB_005,FB_005,2,Drop/Gem/Gem2,999
1500003,FiveElement3,FiveElement3,1320001,1,FB_005,FB_005,3,Drop/Gem/Gem3,999
1500004,FiveElement4,FiveElement4,1320001,1,FB_005,FB_005,4,Drop/Gem/Gem4,999
1500005,FiveElement5,FiveElement5,1320001,1,FB_005,FB_005,5,Drop/Gem/Gem5,999
1500101,FiveElement1,FiveElement1,1320002,1,FB_005,FB_005,1,Drop/Gem/Gem1,999
1500102,FiveElement2,FiveElement2,1320002,1,FB_005,FB_005,2,Drop/Gem/Gem2,999
1500103,FiveElement3,FiveElement3,1320002,1,FB_005,FB_005,3,Drop/Gem/Gem3,999
1500104,FiveElement4,FiveElement4,1320002,1,FB_005,FB_005,4,Drop/Gem/Gem4,999
1500105,FiveElement5,FiveElement5,1320002,1,FB_005,FB_005,5,Drop/Gem/Gem5,999
1500201,FiveElement1,FiveElement1,1320003,1,FB_005,FB_005,1,Drop/Gem/Gem1,999
1500202,FiveElement2,FiveElement2,1320003,1,FB_005,FB_005,2,Drop/Gem/Gem2,999
1500203,FiveElement3,FiveElement3,1320003,1,FB_005,FB_005,3,Drop/Gem/Gem3,999
1500204,FiveElement4,FiveElement4,1320003,1,FB_005,FB_005,4,Drop/Gem/Gem4,999
1500205,FiveElement5,FiveElement5,1320003,1,FB_005,FB_005,5,Drop/Gem/Gem5,999
1500301,FiveElement1,FiveElement1,1320004,1,FB_005,FB_005,1,Drop/Gem/Gem1,999
1500302,FiveElement2,FiveElement2,1320004,1,FB_005,FB_005,2,Drop/Gem/Gem2,999
1500303,FiveElement3,FiveElement3,1320004,1,FB_005,FB_005,3,Drop/Gem/Gem3,999
1500304,FiveElement4,FiveElement4,1320004,1,FB_005,FB_005,4,Drop/Gem/Gem4,999
1500305,FiveElement5,FiveElement5,1320004,1,FB_005,FB_005,5,Drop/Gem/Gem5,999
1500401,FiveElement1,FiveElement1,1320005,1,FB_005,FB_005,1,Drop/Gem/Gem1,999
1500402,FiveElement2,FiveElement2,1320005,1,FB_005,FB_005,2,Drop/Gem/Gem2,999
1500403,FiveElement3,FiveElement3,1320005,1,FB_005,FB_005,3,Drop/Gem/Gem3,999
1500404,FiveElement4,FiveElement4,1320005,1,FB_005,FB_005,4,Drop/Gem/Gem4,999
1500405,FiveElement5,FiveElement5,1320005,1,FB_005,FB_005,5,Drop/Gem/Gem5,999
#ticket,,,,,,,,,
1600000,BossTicket,BossTicket,71000,1,FB_005,FB_005,5,Drop/Gem/Gem5,999
1600001,GoldTicket,GoldTicket,71001,1,FB_005,FB_005,5,Drop/Gem/Gem5,999
1600002,GambleTicket,GoldTicket,71001,1,FB_005,FB_005,5,Drop/Gem/Gem5,999
#gift packet,,,,,,,,,
1700000,GoldPacket_AD_L,GoldPacket,71000,1,FB_005,FB_005,5,Drop/Gem/Gem5,999
1700001,GoldPacket_CH_H,GoldPacket,71001,1,FB_005,FB_005,5,Drop/Gem/Gem5,999
1700002,SummonGold_AD_L,GoldPacket,71000,1,FB_005,FB_005,5,Drop/Gem/Gem5,999
1700003,SummonGold_CH_H,GoldPacket,71001,1,FB_005,FB_005,5,Drop/Gem/Gem5,999
1700004,SummonDiamond_AD_L,GoldPacket,71000,1,FB_005,FB_005,5,Drop/Gem/Gem5,999
1700005,SummonDiamond_CH_H,GoldPacket,71001,1,FB_005,FB_005,5,Drop/Gem/Gem5,999
1700006,GambleTicket_AD_L,GoldPacket,71001,1,FB_005,FB_005,5,Drop/Gem/Gem5,999
1700007,GambleTicket_CH_H,GoldPacket,71001,1,FB_005,FB_005,5,Drop/Gem/Gem5,999
#skill,,,,,,,,,
1800000,SkillCard,SkillCard,63000,63001,FB_005,FB_005,5,Drop/Gem/Gem5,999
